{"_step":1,"Mejor R²":0.9372691175554575,"_runtime":91.545778,"_timestamp":1.7328205405781918e+09,"Mejor Desviación estándar (CV)":0.007508604148402488,"Mejor RMSE (CV)":0.27636387611254687,"Mejor Modelo":{"artifact_path":"wandb-client-artifact://3rfp11twvaqb736oq411h94pcfisbtq2h7odmnzda3e73echsi18k01flozov7xz12iocrfcluyinjmeiu0tgedmdl6vkm8ultgpl80pxwodph7gpq4qformv7bw1rxv/Mejor Modelo.table.json","_latest_artifact_path":"wandb-client-artifact://ca5zyklfxkeb3k5dfvcmkw0tjk90p2e3jj6s5o5x21whoir15448oni712w49zo8mbio066rp6pmy26f6vlvf2ap9p5dm3qsrfnb6jt1j3sb157di8llage79qjxfl6q:latest/Mejor Modelo.table.json","path":"media/table/Mejor Modelo_1_cb4451e9985e258f5182.table.json","ncols":5,"nrows":1,"_type":"table-file","sha256":"cb4451e9985e258f51823e191b40828f2c6e1c7375e1fa423c37b0ecb0aa5bb5","size":215},"_wandb":{"runtime":91},"Mejor MAE":0.09239771797748553,"Mejor MSE promedio (CV)":0.07637699201995116}