{"_timestamp":1.732820444751843e+09,"Mejor R²":0.9032382339107468,"Mejor MSE promedio (CV)":0.07432073209463738,"Mejor RMSE (CV)":0.2726182900955792,"_runtime":67.39196,"Mejor MAE":0.10175361666150691,"_wandb":{"runtime":67},"Mejor Desviación estándar (CV)":0.008235498058717428,"_step":1,"Mejor Modelo":{"_type":"table-file","sha256":"f6b595d28d2f8f188df8d82a839a8656545b50d92a838d7e85209435a3e0c3c1","size":214,"artifact_path":"wandb-client-artifact://hubky5auii6vcc02ztnhxws1ehigsrawqentytcc77b16s7ne62pa6cxtt83ab1ha5f5z4jth6bvofe3oba9uai6qhu4pt03e36ohm4j3tzqiqkluh274m55fz7ig3va/Mejor Modelo.table.json","_latest_artifact_path":"wandb-client-artifact://yjqnrt8b3m7stp2z48jfqm2ee3cboqmlrvuaomm58v5k4zgaxfv9oc6vstnar0rnz28oo6af9zk38cqb3cklgkn7fpl0u0c1kgooiz78ovw9g43vj4ve7z7qmk4krc6b:latest/Mejor Modelo.table.json","path":"media/table/Mejor Modelo_1_f6b595d28d2f8f188df8.table.json","ncols":5,"nrows":1}}