Métrica,Valor
MSE promedio (CV),0.0763769920199511
RMSE promedio (CV),0.2763638761125468
Desviación estándar (MSE),0.0075086041484024
