Métrica,Valor
MSE promedio (CV),0.0739355201984323
RMSE promedio (CV),0.2719108681138588
Desviación estándar (MSE),0.0081178850533348
