Métrica,Valor
MSE promedio (CV),0.0989296284927437
RMSE promedio (CV),0.3145308069056888
Desviación estándar (MSE),0.0100213286870729
