Métrica,Valor
MSE promedio (CV),0.1119803751330148
RMSE promedio (CV),0.3346346890760353
Desviación estándar (MSE),0.0096521441549083
