Métrica,Valor
MSE promedio (CV),0.09892962849274371
RMSE promedio (CV),0.31453080690568885
Desviación estándar (MSE),0.010021328687072988
