Métrica,Valor
MSE promedio (CV),0.12158044309429265
RMSE promedio (CV),0.34868387271896106
Desviación estándar (MSE),0.02215758898589253
