Métrica,Valor
MSE promedio (CV),0.12035949327429003
RMSE promedio (CV),0.34692865732638756
Desviación estándar (MSE),0.014678994122193239
