Métrica,Valor
MSE promedio (CV),0.10817887668257542
RMSE promedio (CV),0.3289055741129594
Desviación estándar (MSE),0.013481149776662841
