Métrica,Valor
MSE promedio (CV),0.10718637291991369
RMSE promedio (CV),0.3273933000534887
Desviación estándar (MSE),0.011064667226075011
