{"Mejor MSE promedio (CV)":0.14708928691666773,"Mejor MAE":0.25504743049357725,"_runtime":19.018352,"Mejor Desviación estándar (CV)":0.021641852239178933,"_timestamp":1.7328206005042188e+09,"Mejor Modelo":{"_type":"table-file","sha256":"c2ccbcbc64a5f7462b8fe94caf17f98ad117027c468eea9d4ff04d42186f8805","size":216,"artifact_path":"wandb-client-artifact://utze7pxv7780xeipu2inh0z76dq8cqjkoz9vu7y5fsm3i6esx8xt6u5z8al42idvjhr7ai0yb8majhqw3ctohyku30j30s2w07xtrnyrkyyb86r59e0sv5ps4fixq519/Mejor Modelo.table.json","_latest_artifact_path":"wandb-client-artifact://4e8uo4sfnslcrusg72rhkun1qtb1cxi4mci0vfrymnd7lbuzq57p2qzttgkeg4y3ykftlupm0t3d7cm4l6ocan08ulbzyj9owv5ckqvzsg6r4v0ec21oqy5zj03w81f2:latest/Mejor Modelo.table.json","path":"media/table/Mejor Modelo_1_c2ccbcbc64a5f7462b8f.table.json","ncols":5,"nrows":1},"_wandb":{"runtime":19},"_step":1,"Mejor R²":0.39664201027938784,"Mejor RMSE (CV)":0.38352221176441365}