{"Mejor Desviación estándar (CV)":0.015579219930184303,"_step":1,"Mejor Modelo":{"artifact_path":"wandb-client-artifact://sturqv9fz4puqtgbuuzqguvtqx2axb8f1h2idsqd1hwf1wfscb8pdpnhtf39wfqy0ejz43ouv024q2s8sta4uz2lmytufsj5bqqydqq8ygnzpoaf18esu50xmpy3tun5/Mejor Modelo.table.json","_latest_artifact_path":"wandb-client-artifact://mj4tt1j2rx5327b04akcbpkpzvnezem7oyhp5rw8tpmkck4czhwd32jtx40cc0hsia6h3y7tr2lo9mlgj97x9cvioewneoj314eh6hai8ikeniu2wyzskg0azhlxjge2:latest/Mejor Modelo.table.json","path":"media/table/Mejor Modelo_1_8a2bac7561d872e32bee.table.json","ncols":5,"nrows":1,"_type":"table-file","sha256":"8a2bac7561d872e32bee99419f77efdfa7d861a0655b1e64fda27440bdc9f99d","size":213},"Mejor R²":0.39939741592511535,"Mejor RMSE (CV)":0.3785781185075899,"Mejor MSE promedio (CV)":0.14332139181274678,"_timestamp":1.732820605812334e+09,"_wandb":{"runtime":1},"_runtime":1.13581,"Mejor MAE":0.253849357754452}