Métrica,Valor
MSE promedio (CV),0.07775319386308294
RMSE promedio (CV),0.2788425969307468
Desviación estándar (MSE),0.007831304634130383
