Métrica,Valor
MSE promedio (CV),0.07798363054763058
RMSE promedio (CV),0.279255493316838
Desviación estándar (MSE),0.00865216080445944
