Métrica,Valor
MSE promedio (CV),0.07808762255346915
RMSE promedio (CV),0.27944162637923
Desviación estándar (MSE),0.0073685854181565575
