Métrica,Valor
MSE promedio (CV),0.07788452386599301
RMSE promedio (CV),0.27907798885973256
Desviación estándar (MSE),0.008553744811507181
