Métrica,Valor
MSE promedio (CV),0.07637699201995116
RMSE promedio (CV),0.27636387611254687
Desviación estándar (MSE),0.007508604148402488
