Métrica,Valor
MSE promedio (CV),0.07788928715369106
RMSE promedio (CV),0.2790865227016365
Desviación estándar (MSE),0.0068537821369847405
