Métrica,Valor
MSE promedio (CV),0.07820195374203412
RMSE promedio (CV),0.27964612234399766
Desviación estándar (MSE),0.009182578804560507
