Métrica,Valor
MSE promedio (CV),0.07851636582849698
RMSE promedio (CV),0.28020771907372033
Desviación estándar (MSE),0.008598957527007102
