Métrica,Valor
MSE promedio (CV),0.07886123000075307
RMSE promedio (CV),0.2808224171976893
Desviación estándar (MSE),0.008055544925629205
