Métrica,Valor
MSE promedio (CV),0.08245942267075729
RMSE promedio (CV),0.287157487575646
Desviación estándar (MSE),0.00640196116675245
