Métrica,Valor
MSE promedio (CV),0.07729411063516792
RMSE promedio (CV),0.2780181840009173
Desviación estándar (MSE),0.009420785192024708
