Métrica,Valor
MSE promedio (CV),0.07393552019843232
RMSE promedio (CV),0.2719108681138588
Desviación estándar (MSE),0.008117885053334866
