Métrica,Valor
MSE promedio (CV),0.07415394969731524
RMSE promedio (CV),0.2723122283286508
Desviación estándar (MSE),0.007835302952610432
