Métrica,Valor
MSE promedio (CV),0.0780829111158253
RMSE promedio (CV),0.279433196159342
Desviación estándar (MSE),0.009263796401014752
