Métrica,Valor
MSE promedio (CV),0.07629557210270484
RMSE promedio (CV),0.2762165311901242
Desviación estándar (MSE),0.009473214579184711
