Métrica,Valor
MSE promedio (CV),0.07684414128712717
RMSE promedio (CV),0.27720775834584277
Desviación estándar (MSE),0.008665178233425028
