Métrica,Valor
MSE promedio (CV),0.10445202840148993
RMSE promedio (CV),0.32319039032974034
Desviación estándar (MSE),0.008104253701511379
