Métrica,Valor
MSE promedio (CV),0.14063029142519123
RMSE promedio (CV),0.37500705516722116
Desviación estándar (MSE),0.013269061047853787
