{"_wandb":{"runtime":67},"_step":1,"_runtime":67.693989,"Mejor MAE":0.10175361666150691,"Mejor RMSE (CV)":0.2726182900955792,"Mejor Desviación estándar (CV)":0.008235498058717428,"Mejor R²":0.9032382339107468,"_timestamp":1.7328272190443e+09,"Mejor MSE promedio (CV)":0.07432073209463738,"Mejor Modelo":{"sha256":"f6b595d28d2f8f188df8d82a839a8656545b50d92a838d7e85209435a3e0c3c1","size":214,"artifact_path":"wandb-client-artifact://oj6p827llr69x6103p32kavv9rowlcoei2plq4pdecyk2oke7ra6d2gq1bb9uzuexvswtwi8r9kh7i8786cf8fw5thcg1eh4d5o8r3p200n87sak1ddvrtrw41xivnnr/Mejor Modelo.table.json","_latest_artifact_path":"wandb-client-artifact://7gjy9l4oo0gjpckd9pdnsaahlk4n2fb5bmllgyyr0p4xcwfykfil2b5t9777u2iw3odsdzlczuiyzju6nkagnno7xp1jstaudwgcgfun5jq2e5fbjkjgeghv1avmamat:latest/Mejor Modelo.table.json","path":"media/table/Mejor Modelo_1_f6b595d28d2f8f188df8.table.json","ncols":5,"nrows":1,"_type":"table-file"}}