{"_runtime":58.337973,"Mejor MSE promedio (CV)":0.07379649115302102,"Mejor Desviación estándar (CV)":0.006696588355789617,"_timestamp":1.732826973945683e+09,"Mejor MAE":0.062068745299959066,"_wandb":{"runtime":58},"Mejor RMSE (CV)":0.2716550959452464,"Mejor R²":0.9548797867965338,"_step":1,"Mejor Modelo":{"artifact_path":"wandb-client-artifact://d79u6rcvnino19sods7102riuu4mi9ee3173wrre2pxy6ha9v3ifm8okag1x9xghgnga9bsq39qe4ln8nsjf4v8807a9jhyvxb4si7spvntbhz31y8rsl62gcehihim6/Mejor Modelo.table.json","_latest_artifact_path":"wandb-client-artifact://kp15phem51fa6bqhpi82prqxdji306gmhguxso8hiwy4hq76euc2jrp8q4497kbi18qw4yedaujjbn6qw2eedmb5aijmwwnw535fnn0r00v7ad7szmqiyrtcyps7zj9m:latest/Mejor Modelo.table.json","path":"media/table/Mejor Modelo_1_d29861a2238e1541fc55.table.json","ncols":5,"nrows":1,"_type":"table-file","sha256":"d29861a2238e1541fc55f29a86f5f0ef6ff1aa9166d620b536b8e5c14cf5a1af","size":215}}