{"Mejor Modelo":{"path":"media/table/Mejor Modelo_1_90eaf854297c032fd245.table.json","ncols":5,"nrows":1,"_type":"table-file","sha256":"90eaf854297c032fd245c7129a31b4efbde26b2f4910da69f4b1832e55141a4c","size":214,"artifact_path":"wandb-client-artifact://ksabufrsdbdpeo51ed24xuk0ky2z0jcl66ze9gfglj4xumj9uilxn46y3xsn1d0obr99vrc52p2djcn7dvx3ftm3xt8glk0slituyegmesiow0m4dc5hvjzfzkyhprev/Mejor Modelo.table.json","_latest_artifact_path":"wandb-client-artifact://47gpzscgo1mjufbcel3yhpnkismkarw0ghmd07ap17hf57mpuciolut2035xq36ir5d81a4lpejohhms69l9wwn0vpwlp38106svgq16xcry2r37cel117v6egu5xcso:latest/Mejor Modelo.table.json"},"Mejor R²":0.670802914214657,"Mejor Desviación estándar (CV)":0.014707159913454738,"Mejor RMSE (CV)":0.31611848718262436,"_runtime":32.337246,"Mejor MSE promedio (CV)":0.09993089793863104,"_step":1,"Mejor MAE":0.15366232717202588,"_timestamp":1.732820577217515e+09,"_wandb":{"runtime":32}}