{"Mejor Desviación estándar (CV)":0.008235498058717428,"Mejor MSE promedio (CV)":0.07432073209463738,"Mejor RMSE (CV)":0.2726182900955792,"_step":1,"Mejor MAE":0.10175361666150691,"Mejor Modelo":{"artifact_path":"wandb-client-artifact://gcmst623gsit4euq9e7kis2f2ce4uuvjqigsifgbv1t9nesux34oajscuy303r1hik2jq7ezk2sidd2c6lt9u558yg4vb0841hzqdat6e3ag81qkax1ishycn5uh0c72/Mejor Modelo.table.json","_latest_artifact_path":"wandb-client-artifact://59srz3tip50kq1t5ikzkmebu5vm70pruxrzv8ls6hmk0xckvbtk22fsgypcqfd7io1q90p5ul9syao8t3ew1zj042kl1gsghcok4hjenh9hy8m3yr2lqh1hk5fb14g7i:latest/Mejor Modelo.table.json","path":"media/table/Mejor Modelo_1_f6b595d28d2f8f188df8.table.json","ncols":5,"nrows":1,"_type":"table-file","sha256":"f6b595d28d2f8f188df8d82a839a8656545b50d92a838d7e85209435a3e0c3c1","size":214},"_wandb":{"runtime":70},"_runtime":70.419327,"Mejor R²":0.9032382339107468,"_timestamp":1.7328241060281699e+09}