{"Mejor R²":0.9548797867965338,"_step":1,"Mejor Modelo":{"_type":"table-file","sha256":"d29861a2238e1541fc55f29a86f5f0ef6ff1aa9166d620b536b8e5c14cf5a1af","size":215,"artifact_path":"wandb-client-artifact://v9wkc39xkeq0m9i8btmdc39mgactkbe1hi0svx6ft4xrknfqdon2vxlkbxbo84xikvxd72b4slmpg7rifxs596nmix8f8x60mgui3kurfk7gkj7cvggkv189k33k2rsm/Mejor Modelo.table.json","_latest_artifact_path":"wandb-client-artifact://uzasdmywrqxtczrfte97e8t4f3c4hu6pdi5u3blyt6jm61zkk590el045vp63lvm4o8lyjemg1ytv1ma6d3yk7fu16eab58r7oczh5w9rzk78825qjcy38y4vv7c0ghp:latest/Mejor Modelo.table.json","path":"media/table/Mejor Modelo_1_d29861a2238e1541fc55.table.json","ncols":5,"nrows":1},"Mejor RMSE (CV)":0.2716550959452464,"Mejor MAE":0.062068745299959066,"Mejor MSE promedio (CV)":0.07379649115302102,"_runtime":62.203391,"Mejor Desviación estándar (CV)":0.006696588355789617,"_wandb":{"runtime":62},"_timestamp":1.732820373530486e+09}