{"_step":1,"_runtime":60.022519,"Mejor Modelo":{"_latest_artifact_path":"wandb-client-artifact://310nry5d2ckr5wflhyx7fw616ex38c4ensm6ir3n0db15eitlagxmje9uz9xygphde1330j86fpzwm27ut32o0i06h25bsqhr7rm01df9ulnmxklzoktpttj5mvcoplb:latest/Mejor Modelo.table.json","path":"media/table/Mejor Modelo_1_d29861a2238e1541fc55.table.json","ncols":5,"nrows":1,"_type":"table-file","sha256":"d29861a2238e1541fc55f29a86f5f0ef6ff1aa9166d620b536b8e5c14cf5a1af","size":215,"artifact_path":"wandb-client-artifact://l7uw7k3y911uuzmrglf2qfba9j085pjtkpq1ji7g4bu1nsjd1smf0t7gzn3h7pi9wsve4tfmdpqqk69946dbzl4an7wolm56o59dmktx0gi99s5vspgqv1cg9mmnobpm/Mejor Modelo.table.json"},"_wandb":{"runtime":60},"Mejor Desviación estándar (CV)":0.006696588355789617,"Mejor RMSE (CV)":0.2716550959452464,"Mejor MSE promedio (CV)":0.07379649115302102,"_timestamp":1.732826676888313e+09,"Mejor MAE":0.062068745299959066,"Mejor R²":0.9548797867965338}